6,16,31,46,41,55,44,37,19,82,72,61,68,53,38,85,4,47,63,55,12,24,18,36,76,60,40,8,96,47,61,2,29,58,14,70,12,58,73,32,5,11,93,74,64,98,24,34,44,53,89,23,77,73,59,18,32,66,27,28,12,88,97,42,46,10,78,24,35,17,56,40,28,15,80,58,12,70,92,22,22,46,45,66,18,71,84,50,36,77,44,14,31,40,22,43,17,0,67,52,84,23,58,78,4,38,35,16,74,93,38,97,38,50,28,22,20,11,38,22,89,83,2,19,22,25,62,5
25,95,57,75,17,82,52,88,19,53,3,59,11,8,55,15,24,83,37,10,61,75,99,15,57,0,0,46,25,62,51,16,22,75,91,40,56,42,94,41,61,98,100,72,72,21,87,62,70,90,72,30,65,70,45,88,70,45,33,96,73,51,78,96,92,69,1,13,77,95,54,38,58,19,76,96,6,29,57,77,18,95,73,83,64,18,71,0,29,70,62,69,87,39,64,44,7,31,57,51,92,77,55,50,63,30,45,69,59,69,45,44,63,18,26,94,2,63,94,98,100,21,66,52,60,96,97,34
26,19,85,18,97,5,34,59,35,45,94,61,13,39,71,43,23,63,36,92,26,96,89,92,16,21,43,42,16,5,76,43,25,26,27,88,31,61,46,33,5,39,60,86,44,97,28,33,59,30,24,51,92,80,42,74,0,52,15,16,23,58,25,48,84,18,35,82,79,47,81,51,53,6,2,97,2,97,97,61,93,87,79,84,66,20,57,32,38,38,15,62,96,40,76,46,25,78,94,3,91,40,20,43,46,89,6,14,85,2,41,77,89,19,26,21,6,83,53,44,88,68,72,83,75,14,28,100
92,21,69,82,61,90,92,73,44,98,53,29,66,95,72,54,80,99,41,86,47,95,97,34,62,68,84,36,82,11,1,39,100,71,88,26,26,79,66,70,42,18,99,7,79,37,27,59,35,69,44,48,29,40,49,91,75,32,94,22,9,61,62,8,31,49,1,57,94,67,27,1,85,92,8,30,28,1,89,29,36,32,44,65,39,93,22,13,24,82,35,33,42,63,8,40,78,9,63,37,42,90,38,93,48,12,22,42,14,10,72,16,9,15,48,48,74,70,27,98,17,28,97,25,92,71,65,35
46,28,73,88,84,10,81,98,23,69,40,3,80,11,19,89,93,67,2,32,2,96,29,86,23,92,11,81,63,42,16,8,36,55,63,87,65,9,84,54,78,23,57,57,0,43,11,59,76,80,91,79,75,86,30,65,78,41,45,6,50,27,81,86,82,9,72,13,18,56,67,97,45,91,19,46,100,31,4,75,77,62,19,52,47,50,16,91,57,27,63,73,55,44,59,2,53,97,82,38,18,15,34,64,5,53,76,71,50,46,45,27,7,65,45,55,81,27,11,3,54,75,77,75,18,35,44,37
98,25,75,83,40,75,46,11,95,88,82,44,100,94,37,7,24,48,28,4,75,39,7,96,13,84,70,98,85,80,1,49,5,42,31,11,17,43,90,78,97,37,21,96,30,25,2,20,39,97,24,81,2,99,76,82,48,11,46,100,92,47,14,63,55,45,74,38,54,29,15,50,67,3,45,63,28,14,84,33,77,74,13,79,38,55,61,87,67,6,52,58,19,66,87,74,77,60,12,30,90,27,46,22,30,57,85,24,71,34,58,48,8,37,93,46,93,53,99,59,25,16,83,44,82,69,18,24
95,97,54,50,23,66,38,20,23,90,44,60,23,68,74,98,5,67,10,98,86,8,22,11,25,71,21,73,5,39,98,100,1,17,16,25,50,54,45,73,43,55,99,67,23,73,30,95,5,40,58,91,49,46,68,40,16,90,79,88,28,76,87,30,60,69,21,9,23,32,48,32,53,46,65,42,18,96,36,23,35,60,81,50,5,48,90,88,37,35,75,32,77,28,28,36,97,15,11,86,13,59,18,66,72,83,8,90,78,10,80,80,71,26,29,76,74,86,30,78,20,4,9,97,99,3,100,96
18,77,47,31,36,31,63,7,14,71,63,58,82,8,37,52,34,33,94,75,18,23,52,4,95,27,67,93,97,32,54,81,9,68,11,11,99,74,85,79,11,47,37,93,22,40,10,22,73,70,97,57,60,14,61,20,7,95,12,3,26,33,50,35,0,61,46,99,1,30,44,79,44,81,37,66,87,47,88,26,83,51,83,8,31,10,28,39,4,41,8,30,40,59,66,6,86,78,71,53,8,14,31,52,61,68,84,48,81,71,74,30,88,56,38,19,32,67,24,36,74,32,67,13,57,99,86,9
76,56,62,84,71,60,1,31,94,51,79,75,89,18,71,76,41,8,95,73,41,18,9,14,17,42,94,74,40,79,83,82,35,11,32,72,71,33,69,64,85,48,4,39,32,41,14,73,50,76,46,57,60,21,72,77,63,31,17,69,77,100,50,11,77,82,49,47,82,17,78,32,31,48,71,64,90,85,2,5,60,48,62,20,69,33,63,98,31,80,66,7,46,16,85,22,64,33,36,45,16,80,77,48,27,47,78,16,99,80,21,24,28,84,44,63,83,74,27,13,53,93,20,99,75,4,88,5
3,23,50,20,2,94,34,96,6,11,12,4,91,33,29,85,83,39,14,66,12,41,45,66,100,66,30,41,36,84,46,40,73,96,26,41,55,60,37,62,37,49,66,27,48,61,79,98,0,93,63,79,33,7,44,32,39,41,39,76,24,85,82,98,47,74,38,1,33,75,29,70,90,62,63,4,22,41,1,89,33,64,68,32,37,78,31,77,18,70,18,9,55,66,6,68,39,10,69,38,52,99,74,41,26,36,11,48,44,12,37,43,42,71,76,46,48,73,89,33,42,6,42,63,38,14,30,77
24,66,81,42,30,54,50,56,56,61,70,100,40,73,9,82,43,85,27,92,23,15,91,65,88,32,95,25,46,91,68,36,22,48,79,52,68,95,74,24,55,44,90,95,16,99,43,26,49,36,84,72,52,74,3,5,5,64,98,17,54,65,19,43,80,64,61,47,58,35,37,80,45,94,40,27,92,83,53,7,19,36,45,37,76,14,8,81,78,5,64,99,37,84,41,16,13,1,29,72,2,67,17,47,60,57,41,17,40,60,91,25,63,36,62,38,50,36,86,95,42,49,93,79,99,100,61,12
67,90,50,70,22,67,83,82,23,23,66,29,50,56,54,12,92,82,50,8,18,35,2,26,85,95,4,49,60,31,27,26,20,77,62,43,9,45,91,100,34,56,28,84,79,49,96,70,97,12,44,14,47,46,40,98,6,10,47,66,41,74,59,28,17,20,71,93,31,27,92,32,84,87,82,28,35,44,98,98,56,42,12,69,54,18,67,61,96,13,93,2,53,51,30,36,38,67,29,69,95,87,67,44,73,49,72,74,59,35,72,14,43,50,83,98,68,49,58,29,28,50,32,48,68,62,84,5
29,79,74,90,66,7,33,38,56,4,79,14,5,50,95,49,100,43,46,33,93,70,63,87,86,95,0,53,22,51,58,17,29,99,6,95,5,5,100,61,76,78,41,82,27,1,30,93,44,76,25,2,11,88,90,97,48,56,50,37,6,7,54,36,5,27,97,77,32,96,37,8,39,44,90,32,45,19,24,90,61,50,92,72,3,47,68,18,3,84,55,76,92,8,78,63,35,75,40,68,36,43,42,76,54,31,7,99,16,32,54,77,48,12,14,17,25,48,35,95,32,90,71,90,65,48,18,100
22,58,33,25,68,75,0,21,72,74,86,88,72,6,30,19,18,44,3,9,93,38,4,91,95,75,80,59,89,98,24,78,22,24,2,56,99,69,43,71,42,28,24,14,0,55,100,85,99,2,95,57,7,99,13,1,39,59,26,27,23,50,4,45,74,6,67,39,41,9,76,84,3,100,64,4,54,29,89,19,99,49,42,5,47,56,73,86,14,99,80,37,48,84,48,89,57,14,27,64,90,2,13,94,1,77,98,22,73,52,41,71,1,49,42,14,4,14,67,86,12,46,89,26,96,37,14,18
17,41,83,7,43,96,67,11,39,64,33,11,82,74,48,49,89,90,64,94,3,30,45,82,42,33,7,37,36,22,22,20,29,4,94,73,66,60,84,4,90,83,82,71,22,29,20,10,18,50,3,88,80,14,69,21,48,43,24,84,65,46,3,94,16,63,32,83,22,82,53,11,64,1,49,86,97,35,63,82,85,66,69,64,47,4,51,95,47,75,44,11,88,14,71,3,77,70,52,100,17,72,77,48,73,25,33,35,60,62,16,44,28,86,74,41,90,91,35,36,66,79,13,53,59,50,22,36
86,75,1,3,46,78,51,85,70,50,19,29,12,36,40,6,88,80,47,43,71,48,79,2,93,58,55,52,74,43,54,60,17,55,29,29,32,80,80,1,96,66,98,74,68,3,46,55,49,93,98,19,6,42,88,100,66,8,17,39,52,71,99,69,25,27,65,23,73,10,92,35,76,55,8,43,24,55,64,73,13,27,59,87,35,46,86,0,55,2,40,6,39,4,41,64,99,72,87,37,83,44,72,58,99,47,68,22,68,31,96,47,25,20,33,60,66,85,61,87,53,67,93,92,37,0,21,1
72,75,39,54,18,77,12,17,90,46,5,23,77,67,71,68,87,70,28,19,21,55,5,74,88,99,32,24,65,53,26,36,27,31,91,12,74,69,96,64,14,0,87,57,34,23,25,20,60,19,39,81,74,11,20,61,76,52,51,40,72,43,76,65,74,32,77,14,0,38,44,81,39,97,38,39,20,63,59,80,82,65,26,21,76,46,82,17,65,99,57,36,42,32,67,82,65,10,96,31,48,39,12,53,36,50,92,22,79,17,68,26,48,94,47,90,39,95,6,70,59,63,72,0,95,39,83,25
15,44,57,63,50,69,83,52,85,40,74,63,57,7,55,4,0,68,94,5,28,66,76,87,28,47,88,90,52,36,81,67,80,37,97,96,72,45,47,22,85,87,51,42,94,5,12,94,73,73,66,0,38,7,54,33,54,41,22,73,77,2,5,22,6,68,85,78,12,31,67,98,85,17,5,78,23,84,38,62,56,3,29,61,10,83,94,30,23,82,69,66,50,75,54,56,42,4,0,55,36,67,18,87,84,23,64,73,6,68,35,29,71,64,56,47,12,15,44,1,97,12,33,46,53,53,69,62
58,69,83,60,35,0,46,85,90,9,58,62,78,59,57,14,22,12,28,0,27,72,1,90,50,34,2,70,87,71,31,10,39,80,70,40,46,15,24,35,25,48,63,69,6,20,49,95,32,77,95,26,14,62,82,31,96,84,0,49,54,98,59,93,77,29,32,89,10,23,23,35,71,86,70,44,72,19,38,71,62,100,63,77,61,44,7,23,28,74,72,82,37,97,41,13,92,39,68,2,62,91,3,100,42,74,43,81,59,47,51,87,46,13,63,7,23,36,30,51,76,68,33,12,64,74,92,22
12,59,24,41,15,27,6,58,67,15,4,92,62,55,79,8,34,41,82,57,44,78,8,19,11,7,32,41,47,90,63,25,49,87,32,64,81,38,88,47,53,92,5,82,12,84,56,46,91,37,70,34,81,44,20,92,51,18,32,64,7,62,55,56,14,54,87,95,92,74,8,11,66,13,93,78,97,48,91,87,51,60,88,31,3,74,89,20,92,87,50,65,48,4,21,63,58,7,23,16,47,31,27,12,10,86,57,73,33,47,60,50,6,13,47,9,87,35,29,44,88,79,8,2,49,96,31,74
2,54,90,16,52,83,28,62,68,85,35,67,31,61,16,3,40,63,79,93,64,74,36,51,18,10,53,68,6,84,41,75,4,97,91,56,79,19,84,46,70,85,79,68,11,95,71,17,23,50,9,53,90,11,3,8,22,23,76,28,73,83,2,77,79,94,99,23,79,49,35,48,33,13,82,11,74,19,28,97,35,38,49,24,49,18,32,37,41,74,65,81,56,68,57,0,27,56,23,5,4,58,19,3,37,68,14,10,87,9,73,21,47,88,11,62,73,44,100,80,17,30,60,40,98,17,40,91
39,30,62,9,54,48,79,92,15,60,68,68,69,7,55,82,61,66,43,33,76,8,13,94,39,39,33,2,22,39,60,27,69,21,36,23,69,82,81,50,41,14,17,9,21,38,91,49,4,100,82,80,8,61,39,13,0,38,15,89,78,75,16,12,63,18,1,98,100,48,48,40,63,31,49,50,70,39,99,40,39,47,86,13,74,25,26,40,29,7,29,6,49,45,86,11,63,87,8,63,1,22,2,64,54,18,80,90,57,45,29,62,92,14,41,31,5,67,72,35,75,0,7,90,11,59,0,74
12,75,2,13,98,72,43,51,90,22,6,12,33,35,41,91,15,82,22,88,49,94,89,90,60,62,79,71,21,45,10,33,19,13,12,16,51,55,33,40,43,5,18,77,40,59,67,22,41,55,76,56,48,30,11,7,92,56,78,12,0,55,11,86,68,23,69,18,78,68,24,88,74,42,64,80,68,97,68,8,52,43,30,66,73,41,74,31,97,17,43,63,72,21,48,5,44,83,90,89,51,80,76,24,22,5,70,90,1,38,64,19,47,94,86,20,34,25,51,97,8,60,59,81,81,73,52,92
22,8,80,73,88,55,63,9,60,32,65,27,36,95,47,84,88,32,70,88,57,20,50,65,46,75,11,94,14,30,85,36,38,64,75,25,85,37,1,10,35,32,37,72,27,84,21,14,82,91,69,38,77,85,70,22,60,47,15,74,77,66,9,81,96,84,6,80,87,7,90,88,39,27,25,32,77,46,13,59,2,82,63,79,66,99,68,92,46,49,65,89,15,40,70,10,90,42,57,42,15,46,30,20,39,21,53,83,34,66,41,36,13,70,82,45,69,49,37,81,64,68,35,79,8,4,56,64
46,12,6,61,24,2,48,64,90,0,46,23,66,53,26,45,89,7,90,23,22,26,3,86,61,5,65,69,9,87,32,22,99,4,49,22,6,97,52,97,97,64,86,28,83,11,73,72,85,29,95,6,21,65,93,82,70,23,16,45,9,15,33,74,19,83,96,93,45,14,55,42,78,6,36,61,18,76,32,2,4,93,76,92,23,68,74,59,91,56,4,66,71,37,39,57,86,0,49,31,14,70,39,93,76,41,19,60,16,17,63,87,76,38,79,100,72,18,58,28,74,28,94,45,32,32,68,17
32,83,14,13,52,53,5,94,61,91,54,77,7,83,30,83,87,75,48,58,59,6,86,32,0,79,43,32,77,10,16,75,93,30,88,10,50,59,4,10,49,58,53,56,40,83,5,26,23,53,50,82,25,35,81,26,80,23,24,22,0,40,97,59,37,85,36,87,43,40,63,93,64,15,14,70,65,86,96,54,39,11,36,30,12,16,22,92,5,47,80,72,53,76,98,90,26,33,42,70,39,4,28,2,87,8,72,17,95,33,71,100,44,6,96,56,89,18,13,61,65,93,99,84,68,96,40,95
28,82,30,33,53,24,35,5,32,6,22,93,5,59,92,49,32,88,71,20,72,84,47,2,76,46,86,10,41,25,71,36,74,0,69,93,91,71,64,22,43,86,15,49,10,73,64,42,26,35,63,98,18,9,100,61,55,52,71,63,43,41,99,83,7,33,75,98,3,38,86,47,90,67,62,0,40,25,8,32,60,71,97,45,47,62,5,68,13,42,97,23,49,95,5,56,95,81,19,64,85,71,77,41,38,38,7,44,30,15,76,90,53,72,0,100,34,5,33,13,47,30,36,62,91,42,17,85
89,2,15,39,74,92,80,78,30,87,21,60,69,97,15,21,35,16,87,69,88,19,82,1,15,85,63,6,26,47,57,81,15,72,19,89,64,100,32,60,52,53,86,20,50,0,7,51,83,94,19,71,13,67,38,95,51,67,0,43,13,58,90,29,96,9,84,59,75,16,18,93,35,3,80,85,71,87,35,53,81,20,90,60,54,94,54,71,61,21,81,40,79,70,69,40,79,19,100,19,1,84,12,36,54,92,88,91,78,89,9,24,76,100,84,29,59,4,100,19,25,80,60,70,16,95,9,95
80,75,81,81,25,93,84,45,84,71,35,27,25,44,52,0,9,1,96,69,72,96,54,63,41,80,99,57,41,75,18,20,49,99,68,40,57,51,85,6,88,19,33,79,64,51,80,73,19,75,7,91,36,62,20,44,41,18,67,82,93,51,69,8,15,36,48,72,53,33,78,6,18,78,85,82,28,30,21,47,72,28,4,7,56,24,17,98,42,85,45,35,35,13,43,51,49,57,22,68,56,67,74,75,44,59,22,72,89,9,86,60,4,90,34,60,80,51,57,21,35,69,22,37,82,31,88,98
89,76,65,10,8,39,85,52,64,74,91,18,83,42,79,87,98,79,13,77,29,36,98,31,4,87,68,53,17,21,50,72,63,81,83,72,86,33,90,49,6,46,68,56,88,12,8,85,57,21,61,86,58,25,83,28,78,16,81,95,3,97,33,33,78,82,4,63,14,60,79,88,73,46,9,60,24,17,11,81,5,38,32,29,29,82,57,6,98,4,68,68,0,67,0,78,48,71,7,62,97,86,49,69,98,58,96,88,42,6,68,47,10,66,42,40,47,65,12,11,69,46,45,70,12,45,13,60
15,87,22,11,72,37,47,35,62,42,22,3,48,56,16,58,22,24,64,35,89,43,12,58,89,57,94,1,1,6,61,83,94,83,61,31,87,7,67,48,49,55,17,63,11,100,87,100,23,51,34,11,60,13,35,48,70,28,49,38,35,10,20,95,59,47,25,11,54,58,59,69,80,42,31,91,41,18,56,30,35,90,42,95,69,77,42,39,5,58,43,6,68,63,0,93,77,92,4,30,16,29,100,96,72,97,52,12,81,7,43,15,63,51,76,32,94,85,37,99,42,80,71,76,8,37,68,85
29,72,82,11,1,47,73,39,43,24,17,24,31,60,5,60,77,82,92,71,32,95,35,74,74,6,49,83,9,83,33,4,21,14,15,22,61,88,27,71,78,44,61,75,71,66,35,47,13,93,84,11,88,86,85,61,58,100,9,67,83,43,72,3,23,87,92,51,41,18,21,18,62,82,94,32,13,28,46,94,20,29,4,74,81,56,35,38,55,44,5,3,53,77,73,77,63,64,27,70,48,14,89,77,62,82,75,41,76,20,34,62,16,5,36,97,61,37,35,15,47,6,86,0,83,58,43,11
22,36,82,36,50,36,12,78,84,88,18,59,74,53,87,90,58,22,53,85,25,54,100,73,60,85,39,42,9,82,19,31,84,0,67,100,36,80,77,19,33,95,44,6,13,31,97,37,19,15,21,45,69,88,17,28,38,56,36,47,3,55,44,87,22,78,86,58,57,28,44,56,89,54,62,2,85,24,5,71,39,94,15,74,81,99,68,85,20,3,32,90,25,42,76,47,19,27,71,42,21,81,98,9,35,60,78,19,50,84,56,56,77,37,29,23,35,64,74,21,33,5,10,58,14,52,71,33
45,42,76,66,22,73,76,57,99,53,43,49,2,65,71,45,2,66,34,3,29,8,25,63,80,1,87,94,20,58,27,65,66,2,98,54,41,73,11,40,92,20,55,61,85,92,72,53,57,6,57,87,14,82,15,94,49,1,54,69,25,81,34,91,49,31,45,90,70,22,96,27,8,16,54,59,7,26,12,65,32,69,17,12,16,32,5,65,100,25,34,25,5,34,82,20,31,26,10,67,14,72,60,22,55,14,48,62,40,60,93,38,28,76,50,10,74,21,75,40,47,75,65,18,75,12,39,72
5,15,4,19,87,65,8,41,79,56,70,85,82,28,22,9,71,38,19,44,59,60,84,5,35,14,24,76,94,29,48,99,44,52,84,97,83,58,4,27,13,40,11,95,68,100,70,38,37,55,49,97,15,99,68,16,13,58,58,73,87,5,71,97,24,54,94,6,12,98,34,92,37,11,53,71,78,89,76,14,44,24,77,25,22,45,7,1,69,65,74,56,37,10,52,27,31,11,100,9,8,100,67,11,11,19,83,89,75,24,69,85,48,46,9,36,57,16,4,92,47,44,47,84,55,66,10,52
77,10,61,52,9,27,29,87,13,78,41,88,1,77,72,15,22,47,18,45,29,22,36,76,66,50,26,87,82,2,4,24,79,65,76,55,59,72,7,72,49,49,25,17,25,63,32,13,9,50,24,4,38,26,80,71,76,72,57,57,75,28,82,53,93,23,74,51,95,82,89,10,30,80,27,21,42,25,0,17,76,24,21,80,50,68,50,93,39,74,49,80,1,97,100,60,87,73,11,47,20,66,23,50,46,50,37,54,42,37,72,84,61,59,63,78,26,13,70,32,87,85,78,88,82,77,13,34
16,24,81,36,57,4,53,69,20,56,22,62,94,60,11,20,86,75,98,78,54,33,9,40,18,54,94,66,30,6,100,12,98,46,15,20,16,68,89,3,23,77,65,83,3,43,70,89,17,67,32,71,0,8,77,85,62,36,50,58,42,15,71,5,61,52,25,78,19,80,81,8,23,11,58,93,54,27,47,37,60,79,74,26,87,50,10,48,86,60,73,95,75,9,100,2,61,92,46,46,37,93,54,60,70,78,18,91,4,65,27,31,10,1,57,97,17,68,11,70,94,84,64,35,59,29,37,19
87,49,65,24,41,85,50,10,63,69,0,33,33,95,64,43,62,21,6,79,55,84,14,14,33,78,49,92,74,52,10,60,0,75,84,7,25,34,18,88,69,85,21,1,79,51,11,6,38,84,52,93,67,66,74,100,10,22,57,84,75,67,43,41,7,94,49,32,94,33,87,62,17,74,29,63,91,6,35,29,90,87,88,22,53,61,88,29,50,44,12,91,77,21,31,50,81,46,49,74,79,35,35,63,75,31,92,65,37,26,94,27,13,48,49,32,8,3,61,24,47,39,14,91,26,46,40,74
58,89,47,3,90,49,66,30,80,23,96,83,49,55,9,28,2,25,26,78,28,87,1,41,92,16,31,85,28,38,58,86,26,71,89,83,19,20,12,65,43,7,48,59,29,23,87,98,48,13,75,42,66,43,50,24,25,47,8,53,85,32,4,78,2,60,60,89,46,38,53,90,46,0,14,41,91,0,38,4,80,80,13,12,22,63,36,47,9,10,66,61,8,36,38,10,96,98,99,42,35,18,98,47,85,11,54,75,78,93,80,24,72,93,36,94,21,38,6,97,14,38,57,22,74,95,99,36
58,64,44,60,82,7,73,66,18,27,7,62,19,53,86,91,11,21,50,32,25,22,28,39,60,52,61,100,46,60,1,71,90,45,30,71,52,2,2,36,29,9,65,48,62,50,4,73,38,20,71,63,42,66,69,68,17,29,68,63,55,69,100,44,81,29,81,99,32,84,1,61,59,66,76,88,82,46,26,19,67,98,49,8,63,17,77,80,12,10,8,34,45,8,78,25,3,25,24,35,8,25,63,67,57,4,54,38,50,81,24,83,44,39,92,73,56,34,52,34,10,26,68,55,0,12,81,71
37,4,5,11,96,34,44,52,4,99,90,21,45,80,3,55,18,61,27,40,95,45,75,71,37,42,26,38,20,6,8,57,77,80,68,38,81,12,90,85,77,45,72,88,92,76,8,9,36,35,50,31,80,91,68,16,32,94,20,53,66,95,76,42,41,10,46,88,89,35,38,31,47,10,18,38,86,26,13,21,27,63,18,6,53,87,89,52,46,76,71,12,36,12,54,77,22,0,30,10,1,69,7,14,79,25,52,30,17,32,51,44,95,36,16,14,89,72,32,34,47,2,46,83,81,67,26,3
33,56,80,34,24,88,15,69,79,33,99,63,65,16,73,26,52,90,40,40,27,38,74,40,6,87,89,87,53,14,56,86,37,2,86,27,90,0,97,34,0,61,97,65,77,36,91,95,92,97,0,18,34,41,58,6,27,46,94,80,27,15,31,64,17,83,91,73,50,53,7,50,14,70,14,57,5,72,52,97,34,52,14,69,59,38,41,86,85,0,31,78,16,28,41,33,11,98,6,27,17,80,77,98,49,57,54,55,28,72,17,63,91,32,98,49,36,4,1,87,5,32,64,21,27,71,54,38
69,26,65,52,5,7,49,55,64,69,76,59,7,93,88,64,91,51,79,27,55,80,13,60,79,44,81,72,14,1,9,49,94,40,0,100,13,15,20,77,51,96,1,58,54,55,88,45,5,66,38,61,12,17,87,57,61,34,28,76,1,3,91,95,43,92,94,22,73,13,99,23,75,67,81,29,21,68,40,94,0,78,54,12,61,6,69,22,40,97,64,41,66,54,2,8,11,62,30,85,76,95,7,16,27,55,11,15,89,51,8,89,95,28,0,56,34,35,78,75,98,7,82,63,61,50,71,39
12,67,90,54,28,97,70,21,17,82,36,6,32,44,95,27,72,96,49,73,97,26,13,95,33,95,57,60,11,95,65,23,27,54,77,55,17,46,43,34,94,79,40,93,90,35,86,27,97,34,100,93,60,12,87,59,74,44,85,85,38,16,7,31,70,84,53,53,96,96,88,90,40,27,82,29,28,67,57,24,67,22,84,93,35,70,51,75,80,1,25,84,84,32,15,20,82,68,73,43,29,60,32,69,54,80,65,82,12,88,73,79,9,22,71,10,92,88,85,38,56,76,88,39,7,2,25,55
36,99,99,65,24,97,0,78,43,65,26,21,52,65,67,61,87,37,38,44,92,22,82,13,65,70,18,38,38,44,94,41,8,58,5,32,20,72,77,29,36,2,51,88,33,17,15,19,20,53,63,11,41,11,91,5,47,76,44,51,19,3,92,27,61,64,25,47,35,1,77,72,3,27,59,2,44,74,21,30,93,51,8,34,28,99,39,75,74,83,25,59,86,84,52,12,47,78,26,82,79,2,53,49,96,79,51,39,18,39,35,11,90,43,45,84,42,50,24,82,100,15,7,51,99,59,64,45
36,90,27,82,58,46,30,53,24,81,58,9,86,93,87,75,36,31,24,44,47,48,92,46,64,99,98,62,58,27,74,60,16,0,41,40,12,71,93,3,18,16,12,3,8,99,45,10,96,69,54,42,17,12,89,47,10,52,8,68,79,82,28,61,48,35,0,61,6,59,64,91,75,42,94,49,6,4,60,1,40,80,9,57,92,64,3,2,15,78,36,94,26,30,54,74,66,20,0,38,79,30,28,53,72,88,2,78,59,28,45,99,7,21,21,66,85,91,68,67,68,70,60,94,67,81,34,32
0,34,36,46,65,64,99,36,17,67,81,76,95,92,40,69,79,61,34,64,51,68,97,19,37,22,79,70,2,12,1,70,13,3,15,78,33,80,80,51,47,26,93,7,85,100,76,63,60,9,93,11,77,89,97,81,11,41,50,80,20,18,49,33,21,64,10,55,44,56,72,57,83,30,64,67,29,40,96,56,15,89,67,93,43,29,73,54,36,22,34,56,6,83,89,28,13,65,49,23,88,87,80,70,16,43,2,12,49,98,68,65,52,0,23,96,96,96,49,31,84,49,88,91,99,42,85,11
74,33,0,61,86,80,97,1,89,65,80,4,62,13,69,81,13,92,76,8,53,91,6,2,40,60,93,38,68,43,15,7,42,15,68,27,61,30,96,15,95,75,19,23,89,54,3,68,11,79,43,30,69,49,33,75,75,92,79,42,35,94,50,77,75,84,4,1,81,100,84,41,40,2,64,28,23,33,97,34,78,5,31,47,20,64,88,95,55,67,2,90,26,52,33,68,2,37,35,49,2,18,90,42,88,54,71,10,87,33,10,65,4,41,78,24,71,31,18,26,98,20,82,91,39,14,58,7
17,59,56,19,78,45,62,65,65,99,41,18,98,51,49,1,59,26,25,29,23,9,55,88,29,3,78,34,17,1,41,1,60,63,20,37,8,48,68,39,12,8,57,9,60,5,77,85,98,68,13,21,77,35,8,73,4,52,6,88,53,14,89,12,77,76,16,51,23,84,57,2,93,13,78,18,86,55,2,83,89,82,70,66,83,44,4,87,96,77,75,48,57,63,27,0,4,43,51,95,93,7,97,85,88,74,69,73,95,37,21,50,19,92,15,1,1,86,55,98,62,29,11,19,58,4,19,63
47,36,23,6,10,19,91,98,59,26,36,20,63,57,70,82,14,51,50,16,36,4,80,64,100,91,49,23,96,34,52,8,37,75,81,47,60,72,10,86,64,12,5,26,69,75,75,50,92,24,66,94,95,45,57,60,1,73,49,63,73,1,38,9,42,18,22,2,56,99,88,19,10,93,46,46,33,20,96,91,10,27,84,71,38,6,97,39,45,45,69,18,46,6,27,89,24,16,57,81,14,44,66,92,2,11,37,1,98,99,92,74,25,41,44,29,13,6,68,59,52,36,77,64,8,70,52,100
86,8,46,67,18,11,58,87,90,61,88,87,59,45,27,50,86,37,79,100,44,12,24,96,15,0,59,23,36,78,22,22,52,68,55,37,46,12,23,35,73,11,88,98,22,14,47,8,18,92,74,62,70,98,23,85,64,48,75,100,92,63,88,44,98,42,47,43,54,70,78,93,47,31,90,70,12,2,78,30,60,17,58,30,14,47,14,78,95,55,43,53,18,31,97,15,73,43,58,94,79,1,86,26,32,42,96,44,10,39,40,37,22,98,67,36,44,47,80,5,2,89,58,20,19,20,1,93
29,59,52,7,26,3,100,24,11,61,35,22,100,75,59,88,39,92,23,83,38,69,54,40,58,78,26,43,98,27,1,93,52,53,0,78,57,66,69,68,27,3,56,93,78,81,81,16,72,70,66,77,5,86,83,63,64,9,72,61,2,74,54,55,26,20,99,49,52,67,84,79,70,5,38,14,87,18,97,24,54,62,0,59,14,84,88,78,93,60,4,61,33,24,82,25,44,81,41,63,13,24,7,50,29,45,30,82,29,26,6,84,55,6,8,69,90,97,46,48,22,50,9,21,75,57,46,85
37,53,47,17,43,21,67,73,66,97,20,96,89,26,45,43,100,53,11,89,15,57,3,37,74,79,58,14,35,71,99,39,23,12,56,67,33,89,5,65,51,25,26,39,18,71,83,17,91,60,72,72,84,75,9,57,19,33,71,21,3,35,60,94,13,82,60,12,70,31,78,87,22,3,25,40,41,74,57,98,34,29,69,17,70,78,40,56,78,77,77,81,78,36,74,92,84,100,3,19,97,47,5,19,17,97,59,58,71,83,21,71,11,90,54,47,34,94,2,11,36,79,58,13,81,99,4,64
64,75,49,61,88,54,80,4,51,4,28,88,87,49,58,64,5,11,11,5,71,13,16,6,59,40,19,39,38,91,70,2,31,18,63,85,39,8,90,90,12,84,43,66,100,0,29,4,78,40,9,14,20,92,20,79,31,5,17,36,62,53,38,59,72,0,44,10,75,33,66,87,83,8,52,82,75,82,52,52,88,27,32,7,85,52,52,16,23,36,18,86,89,56,10,26,22,54,36,97,53,68,49,36,76,68,84,16,15,36,34,2,63,66,77,14,17,28,97,7,64,14,59,19,70,69,45,58
90,48,54,42,15,69,44,92,36,28,74,51,30,8,54,59,74,97,73,58,91,69,65,21,83,23,40,18,58,51,76,47,99,96,56,14,65,100,72,0,94,45,52,23,53,72,83,27,34,21,85,24,91,15,11,39,4,17,58,28,69,100,76,67,96,98,47,26,97,18,26,57,30,44,80,49,82,28,76,82,50,26,73,6,7,84,45,11,1,69,6,70,69,82,2,30,79,50,56,41,34,48,98,64,59,44,13,40,72,55,22,88,48,95,94,21,44,5,100,45,74,5,81,8,87,84,38,31
100,60,38,33,8,2,64,67,46,43,73,84,64,61,38,78,21,31,100,66,2,99,77,77,3,58,85,56,7,90,53,6,49,91,5,23,93,35,90,4,78,29,55,42,90,93,19,78,90,85,43,93,83,86,69,86,9,19,41,16,75,60,89,24,51,61,13,9,96,70,81,74,99,35,82,54,27,67,31,16,52,40,75,0,26,43,87,1,29,94,18,3,54,73,94,71,33,7,46,96,77,26,35,41,27,16,95,20,49,93,3,67,99,78,68,24,88,20,93,16,13,77,19,33,49,80,70,49
87,16,44,29,8,79,36,36,61,30,22,76,89,25,43,88,3,77,78,91,97,70,73,76,46,58,76,62,37,45,10,90,27,20,18,36,99,54,38,25,51,60,67,39,52,9,93,55,52,71,11,48,6,50,91,53,7,66,14,45,10,91,34,38,10,19,40,75,73,78,100,90,3,66,96,55,42,88,76,60,24,53,8,31,2,99,50,10,30,64,21,40,20,55,44,30,40,84,4,80,27,70,69,98,1,30,52,9,18,28,70,8,47,44,39,50,8,55,26,38,85,13,44,4,34,89,34,75
38,4,54,32,40,22,29,42,53,81,17,37,75,53,45,22,97,51,38,71,5,30,8,57,43,53,61,77,7,62,51,45,66,71,43,73,94,72,81,12,19,98,15,94,51,26,82,13,43,86,85,15,82,93,72,91,11,32,68,18,94,85,30,26,22,73,99,15,45,79,94,64,42,8,23,59,34,72,73,78,23,57,93,5,15,64,96,94,62,29,78,56,81,7,48,2,47,46,84,92,91,77,21,32,51,10,92,51,48,64,95,72,87,53,77,68,83,72,27,45,68,5,67,48,12,14,16,59
26,100,16,16,42,3,48,59,81,5,9,28,35,71,100,88,23,76,56,6,14,83,51,82,88,84,96,67,98,11,92,23,10,8,5,18,78,19,77,58,25,52,53,60,22,52,48,46,95,70,18,8,18,69,56,73,18,51,5,15,62,97,4,38,71,76,56,49,95,99,73,86,50,25,12,73,44,26,85,38,96,2,46,80,37,1,18,55,18,23,36,46,20,6,84,57,82,5,5,42,3,45,28,19,36,40,58,80,66,8,17,27,10,29,6,13,97,92,68,14,14,70,60,0,76,9,58,57
14,29,100,84,74,94,70,77,33,27,56,65,36,74,92,12,2,64,26,100,55,60,80,36,30,40,36,72,15,94,29,30,90,95,80,29,88,49,5,87,77,62,51,79,1,42,57,70,5,83,35,27,9,15,63,5,21,65,77,36,25,72,32,14,66,12,43,19,61,49,5,3,77,56,82,78,98,39,47,70,88,83,63,97,64,92,68,51,56,45,87,81,16,19,95,83,98,4,68,58,19,74,62,96,29,9,39,94,14,52,29,2,0,58,65,30,49,33,81,4,44,68,86,60,53,46,8,50
16,77,74,35,16,1,97,11,11,1,4,92,54,100,60,20,57,25,51,5,24,31,77,68,65,28,94,84,74,2,33,91,45,74,92,61,75,89,72,52,56,43,44,9,8,3,97,32,95,13,37,85,44,80,18,76,7,12,59,82,81,59,38,92,32,96,18,6,84,56,25,40,99,69,15,74,38,78,5,100,91,8,84,1,89,2,77,96,81,35,43,27,60,47,85,92,43,2,65,93,58,56,99,23,24,81,97,28,58,68,27,49,76,78,16,64,46,93,26,26,94,35,19,54,83,3,11,92
72,42,84,96,98,83,18,88,29,81,16,87,48,9,1,91,87,17,54,32,76,46,24,70,82,43,90,30,12,0,21,50,9,4,46,6,53,30,61,82,11,77,35,25,52,36,15,39,20,36,71,96,82,62,65,63,71,20,93,50,88,80,100,97,85,45,69,37,76,29,86,53,72,20,78,24,56,94,63,76,29,100,38,77,61,2,40,99,90,99,48,77,45,47,73,29,59,7,32,0,37,17,53,8,3,97,99,60,90,61,1,85,27,5,62,54,8,68,52,64,32,66,40,77,13,79,72,72
86,4,38,22,88,91,98,92,87,96,17,43,23,85,27,50,91,55,70,65,89,89,28,21,54,68,64,33,12,36,4,98,6,42,20,94,99,17,51,52,79,68,95,1,19,88,17,9,43,88,40,31,42,68,18,96,1,83,29,13,18,100,10,24,8,97,84,6,80,35,58,59,69,18,60,88,6,78,63,15,31,2,12,73,36,31,34,37,80,63,16,64,29,94,88,37,56,37,9,36,72,34,95,7,18,20,95,91,98,58,5,95,60,85,67,63,82,1,100,61,30,83,24,25,42,78,62,98
14,38,33,53,38,94,60,56,14,54,13,78,78,18,73,4,69,5,67,50,73,32,10,3,14,0,28,22,78,57,20,59,61,19,78,65,13,37,87,94,57,100,37,35,85,9,5,53,82,72,3,54,3,80,57,85,47,52,6,24,75,93,49,35,12,26,100,92,63,86,85,87,86,21,88,70,98,93,89,79,64,92,32,33,38,56,17,85,74,91,75,48,83,24,83,95,16,48,86,46,100,36,32,85,58,19,20,21,11,9,100,41,67,98,74,71,19,92,55,93,82,97,40,64,87,89,25,2
36,10,48,36,47,46,87,71,65,74,92,42,83,57,83,15,20,23,53,40,14,74,32,62,70,73,92,56,61,16,25,64,94,73,100,6,86,86,77,16,59,34,59,7,57,7,90,77,30,42,16,10,82,15,38,52,54,30,74,14,12,99,78,5,38,43,78,23,96,54,39,54,54,98,28,10,72,84,54,68,92,36,45,73,51,83,24,4,79,65,86,58,63,29,29,0,73,7,23,68,27,29,88,82,93,82,58,64,65,78,99,22,14,43,96,31,92,86,36,37,50,21,95,13,16,23,80,89
97,70,22,24,99,77,72,91,58,96,21,90,74,19,11,54,28,6,85,86,59,20,22,8,7,83,88,91,73,68,79,69,3,68,59,1,44,30,58,68,93,79,57,32,64,35,86,58,7,70,44,66,57,66,41,30,15,28,20,88,62,66,56,65,100,15,32,43,11,91,10,70,35,34,1,66,35,53,23,42,23,67,8,46,100,49,42,14,43,29,1,72,61,23,36,60,4,35,69,83,92,45,52,26,79,54,58,13,6,82,22,96,14,30,7,80,45,16,94,54,11,61,25,72,51,28,98,55
63,66,37,20,10,56,46,56,76,71,35,82,52,57,44,32,53,17,12,64,100,72,18,10,100,9,48,50,37,45,4,66,77,8,86,88,64,99,9,39,69,44,87,87,1,97,18,20,81,97,85,80,69,69,57,68,78,71,84,15,83,88,47,59,62,33,12,25,98,21,30,66,32,17,52,100,80,36,19,60,100,3,6,68,72,63,1,16,100,85,98,82,38,44,41,67,43,19,92,40,7,89,72,39,72,90,38,51,26,23,11,25,27,84,59,65,12,26,47,11,77,44,94,81,89,0,47,98
19,5,38,26,94,9,31,65,100,35,82,92,59,59,83,86,42,7,16,54,100,64,66,76,7,25,22,62,25,70,26,44,41,64,37,0,39,34,31,4,70,12,96,28,72,44,80,80,51,96,34,50,25,66,92,100,91,14,27,15,50,53,25,91,83,28,57,22,63,88,26,32,100,89,60,37,32,5,17,84,67,17,33,93,83,25,58,73,5,85,54,55,4,79,11,87,74,68,75,36,55,1,34,20,90,60,58,88,65,41,71,31,58,71,90,40,62,47,79,67,99,99,88,2,77,99,89,16
66,64,52,20,31,86,40,87,45,64,74,76,4,11,7,62,48,97,68,9,44,12,42,42,10,29,10,54,27,65,70,59,95,89,79,25,74,85,78,86,49,18,61,19,29,34,48,43,31,82,52,41,95,60,49,71,55,59,91,48,23,61,6,18,15,85,9,55,35,88,40,50,72,68,70,0,1,84,43,99,65,61,39,59,87,54,97,41,79,87,89,2,13,95,87,95,45,62,50,46,15,56,97,87,23,32,53,92,15,62,56,80,22,62,5,75,15,1,15,95,54,3,63,34,64,15,28,75
43,78,21,59,34,17,11,23,49,65,81,30,26,37,9,15,65,81,90,80,82,5,40,2,75,2,36,5,84,64,80,27,8,0,86,8,84,63,98,99,27,79,28,54,82,38,35,46,18,24,92,67,96,32,35,71,0,71,42,85,0,21,11,75,22,63,83,5,25,81,4,19,25,99,39,6,2,74,18,21,98,9,54,60,41,89,30,42,25,72,93,92,59,3,67,81,32,15,53,23,96,23,42,20,88,47,93,91,20,10,78,85,20,31,44,27,86,40,35,77,78,27,68,36,97,0,84,28
16,2,18,78,25,26,65,12,74,57,69,94,34,46,44,20,77,88,13,28,27,49,71,71,76,39,7,73,5,91,67,88,59,51,32,84,78,97,62,51,19,31,10,19,77,55,39,20,8,53,14,2,68,86,73,9,91,46,48,62,2,15,50,61,32,82,10,9,44,39,26,29,36,3,49,79,24,54,65,99,73,80,0,6,65,40,16,21,52,64,83,55,45,99,15,78,80,93,53,90,31,80,86,67,49,0,11,73,54,77,71,94,56,38,100,87,78,82,7,29,46,56,50,91,55,32,34,0
24,88,91,21,33,42,54,82,42,65,20,62,41,91,55,63,95,21,15,38,69,89,34,14,45,84,72,100,82,5,66,5,59,22,93,92,64,46,39,5,78,59,68,85,16,89,14,10,76,29,49,45,85,83,25,29,32,97,95,14,69,60,86,27,49,79,19,12,91,58,18,34,17,52,86,100,40,100,9,83,95,24,94,79,73,18,74,72,15,68,86,84,95,37,10,43,15,96,55,73,54,39,73,37,57,58,36,64,23,11,46,18,36,39,63,75,23,37,46,38,71,31,88,31,35,65,40,50
26,62,89,80,0,28,83,58,52,18,21,76,97,33,60,32,38,89,73,61,25,19,66,63,16,19,94,51,84,34,68,10,96,22,56,62,50,39,86,2,23,6,44,19,5,3,17,43,58,91,4,84,76,36,12,92,55,5,43,39,5,10,15,67,32,37,29,49,76,14,51,66,88,61,51,59,64,69,2,88,25,73,71,0,8,49,92,63,21,0,68,26,77,49,94,9,87,89,24,28,69,41,60,56,1,11,15,31,46,84,18,71,22,56,37,30,4,95,59,25,96,94,18,72,42,11,47,95
66,71,90,34,11,49,57,79,60,38,9,72,21,28,42,9,50,45,5,54,40,64,80,35,23,64,73,32,75,20,93,6,57,82,40,35,31,97,13,57,0,90,29,21,84,37,97,33,49,1,87,89,32,32,90,55,96,62,53,36,48,46,42,5,27,49,6,24,11,86,48,12,75,43,100,58,46,97,91,95,64,44,83,96,76,38,51,38,0,70,40,14,15,49,86,9,98,92,33,75,78,81,87,18,23,53,43,70,15,33,64,79,43,13,75,86,51,92,23,17,61,63,99,43,78,84,52,41
76,85,16,19,32,69,3,21,21,46,91,2,46,21,82,89,0,22,74,17,13,63,1,40,93,100,83,70,83,34,11,24,86,27,9,84,62,13,4,84,25,62,52,71,49,33,60,49,55,100,32,34,63,33,41,55,99,23,24,82,24,35,72,76,28,48,59,91,27,63,40,52,24,92,23,73,92,49,88,46,48,20,47,10,19,88,65,18,77,56,66,67,91,3,8,86,51,33,76,78,97,15,30,87,6,19,26,98,34,80,10,82,66,23,59,52,77,90,36,19,45,1,53,2,71,61,88,22
95,29,66,57,44,96,9,16,81,1,81,14,48,57,63,13,46,88,65,22,77,0,7,89,68,60,57,39,88,10,27,48,39,93,71,49,55,46,65,35,48,11,16,62,68,45,75,80,32,6,68,75,6,76,29,41,1,86,80,55,96,73,69,0,65,39,49,19,52,14,21,66,92,3,27,26,48,1,5,80,74,74,20,81,49,50,88,16,35,67,72,98,5,6,98,70,12,47,56,64,27,77,29,18,80,22,10,27,90,16,73,64,90,93,10,4,42,98,87,44,30,24,41,35,31,4,4,43
51,60,73,44,36,68,29,82,90,39,75,79,55,47,42,10,6,52,81,14,15,34,24,45,58,65,80,89,36,85,98,87,10,70,98,13,37,26,95,93,65,70,72,87,83,80,63,55,99,44,70,13,44,94,59,1,25,4,57,61,89,54,13,66,91,10,79,94,36,39,87,68,75,24,54,58,70,16,79,34,26,48,48,70,8,73,38,33,77,95,60,32,14,39,98,4,50,42,65,52,81,51,19,56,41,39,80,10,22,58,45,14,6,59,85,81,98,89,13,74,83,39,72,97,78,35,68,94
77,32,46,58,49,31,13,90,37,93,100,59,50,10,39,22,69,90,2,66,78,82,6,60,20,44,23,65,80,57,58,56,55,3,13,3,1,93,93,38,85,58,63,1,69,1,90,3,92,93,36,69,40,42,96,27,52,85,92,31,41,49,88,96,19,67,99,20,60,57,58,10,14,87,78,49,88,68,53,45,26,55,14,66,63,76,93,14,60,84,46,67,100,100,62,18,66,26,38,92,49,62,2,63,48,80,79,1,13,98,47,39,52,27,72,14,69,64,28,28,14,74,95,13,39,22,98,5
14,35,97,63,63,65,92,77,11,70,44,24,67,57,30,18,84,1,32,52,31,61,46,11,0,6,91,40,28,88,11,42,89,74,71,51,39,63,94,16,32,38,6,100,95,36,84,45,3,16,63,1,43,9,12,9,82,3,49,10,57,26,18,46,0,90,63,5,18,57,21,50,95,94,15,89,97,100,100,100,82,63,67,91,38,46,100,19,15,15,29,72,41,14,84,7,70,47,12,88,3,100,3,64,94,86,18,90,85,18,55,32,81,89,22,18,34,88,37,49,2,33,20,10,13,4,17,49
17,30,2,20,29,5,84,89,91,68,44,41,86,66,39,66,54,27,50,88,15,54,2,84,53,22,94,32,93,11,81,9,7,49,96,36,54,45,92,11,13,35,18,99,67,24,31,20,51,47,74,66,0,76,50,19,65,9,51,23,20,98,33,27,46,95,30,67,40,88,44,53,22,28,17,56,52,48,42,3,96,16,35,62,58,51,48,89,61,65,12,81,63,11,75,75,5,71,7,45,58,17,64,46,46,82,1,64,29,44,67,91,26,69,19,84,19,67,73,80,31,51,27,60,62,68,1,33
38,75,79,96,93,8,7,38,90,9,1,86,53,35,42,45,3,61,28,89,94,67,35,92,17,28,17,45,96,18,79,100,94,23,61,86,98,68,90,88,43,57,39,62,92,81,6,61,8,35,16,1,68,51,93,52,45,10,97,40,95,41,5,88,30,32,39,28,100,95,15,43,52,20,4,9,0,11,37,8,12,53,10,80,70,69,98,14,79,61,20,74,1,25,27,32,57,33,60,22,27,41,31,45,27,36,21,27,13,58,2,92,77,79,37,46,47,35,26,93,96,46,32,63,37,25,95,94
58,20,82,52,27,13,63,54,15,84,48,95,7,16,86,84,95,22,96,7,23,21,66,85,33,98,48,70,90,8,29,13,96,11,65,89,24,95,9,5,78,57,100,52,39,51,35,33,39,98,6,63,85,73,47,18,36,61,88,25,70,17,39,31,95,70,19,85,64,28,90,8,51,55,60,90,5,61,89,44,58,96,6,9,68,20,27,70,47,81,62,16,64,0,47,24,36,33,8,0,61,64,75,12,18,34,1,23,95,91,68,19,52,40,28,86,26,55,55,74,1,16,56,32,83,70,56,86
2,65,52,29,28,26,41,47,60,9,36,54,66,70,73,17,10,0,69,2,21,90,42,90,73,65,21,55,34,77,6,2,7,58,31,36,84,39,49,43,48,85,64,80,21,2,63,31,3,31,100,91,20,42,46,93,6,67,14,6,10,20,8,17,79,5,19,28,44,34,72,92,86,1,37,6,3,100,3,73,30,2,30,51,10,76,9,83,9,23,89,19,44,63,2,89,69,22,16,79,22,54,37,7,55,74,13,25,74,83,98,3,86,94,20,96,70,30,79,79,53,33,64,63,63,66,17,98
54,34,76,43,54,12,50,76,87,30,0,26,12,64,29,64,58,50,60,94,46,4,38,65,3,1,28,66,33,45,63,54,45,5,97,100,17,12,75,70,8,41,96,21,4,92,85,28,7,10,21,53,81,25,17,51,26,11,83,26,57,12,46,68,17,42,67,0,20,7,71,29,48,32,16,19,23,67,13,30,78,1,49,24,26,67,75,19,78,24,11,0,36,57,69,53,65,1,53,85,76,90,80,90,89,96,8,11,63,89,8,6,90,57,30,82,23,72,0,68,62,11,34,98,34,2,16,99
71,35,50,46,25,29,35,80,92,10,91,54,99,99,60,54,56,56,35,45,94,36,79,55,13,13,18,48,15,34,12,52,70,62,98,61,58,100,40,49,9,97,2,74,96,28,27,17,50,62,28,10,64,7,65,78,20,50,92,1,84,3,20,53,32,17,80,90,83,86,38,92,83,6,31,44,34,58,61,50,87,55,60,50,28,92,94,14,41,85,83,24,55,2,44,87,86,90,76,69,76,80,26,58,86,58,1,86,82,28,35,68,83,62,85,78,53,78,92,94,29,74,84,50,76,94,2,28
84,44,63,59,23,89,83,8,12,84,60,61,11,95,95,60,22,79,37,75,23,29,34,18,69,18,34,11,11,36,39,95,80,1,19,2,56,1,77,35,51,2,96,62,63,90,89,86,35,25,60,24,20,95,8,56,79,8,67,90,44,72,51,23,73,36,92,95,38,34,29,89,2,24,17,65,81,5,50,82,97,77,72,84,71,46,39,15,54,72,4,98,43,21,87,82,58,44,76,62,44,5,16,46,96,33,10,42,4,27,90,68,3,61,51,40,73,56,55,26,27,25,90,70,47,42,51,71
52,93,32,96,98,48,7,60,48,85,1,52,11,92,19,81,18,36,87,92,92,7,84,18,32,40,54,45,82,71,15,34,64,13,96,27,62,3,53,76,88,55,27,65,12,13,11,97,49,98,54,41,4,4,25,2,44,80,48,92,50,29,92,80,43,88,74,71,57,26,46,10,47,39,41,25,52,52,22,1,15,42,42,19,12,67,88,56,12,35,14,29,31,5,8,40,59,48,10,82,75,22,58,21,61,99,47,13,16,35,14,31,43,22,16,56,55,4,78,68,5,92,63,2,64,37,42,22
86,52,71,60,40,28,81,1,27,94,14,9,95,95,41,38,83,23,60,37,27,37,71,100,96,33,1,59,71,44,47,22,62,17,82,69,46,28,70,39,89,50,48,83,10,55,20,93,79,46,96,72,84,67,71,79,66,39,37,2,49,84,24,77,68,5,45,13,0,14,18,89,30,66,71,40,88,58,99,66,3,95,37,53,27,75,31,93,13,34,96,62,85,19,4,52,92,50,65,92,30,83,80,61,14,16,67,1,74,66,33,44,26,37,97,53,11,28,45,91,28,6,18,12,26,22,64,84
72,95,41,2,43,20,29,58,2,96,25,43,27,25,87,53,62,49,5,39,43,17,29,72,23,47,84,49,69,48,99,41,42,39,9,86,25,38,9,28,100,0,37,27,92,90,80,53,38,52,92,82,69,20,19,92,33,2,7,2,16,72,9,25,11,18,77,36,22,52,30,21,52,67,48,44,56,95,63,61,12,21,8,81,41,27,38,75,29,11,43,12,84,52,37,95,36,13,97,58,65,94,45,83,60,60,93,83,54,56,9,32,43,17,12,84,44,16,24,39,28,33,51,78,85,54,72,87
33,34,44,64,27,56,47,54,15,5,36,35,27,11,67,70,28,45,20,72,61,10,10,55,44,28,32,28,82,70,82,15,4,92,79,31,47,92,85,62,98,87,97,91,98,63,61,25,7,47,63,35,57,40,56,0,34,89,96,15,58,77,97,28,68,42,60,15,33,10,77,97,64,40,88,61,2,14,53,77,61,82,78,17,21,33,85,55,21,80,37,46,56,33,40,90,75,100,4,75,77,48,71,40,54,24,67,22,4,19,99,31,68,76,15,55,9,100,10,97,79,13,8,0,12,49,90,88
14,61,28,91,75,65,97,28,90,64,50,60,49,15,58,16,91,73,72,66,72,48,29,16,27,37,16,39,86,72,93,0,32,20,57,6,86,54,0,41,84,17,67,99,32,24,15,89,97,53,21,68,67,50,50,94,87,66,99,39,38,92,5,36,11,62,9,63,82,9,3,65,93,71,64,24,61,45,80,58,64,0,92,30,50,42,90,2,74,88,7,11,45,12,14,23,75,23,86,22,99,56,54,92,93,84,82,53,28,61,10,58,27,69,54,77,10,43,46,84,97,19,62,42,32,76,65,73
65,16,95,29,72,14,20,30,98,69,84,25,29,60,49,57,28,2,100,38,45,11,89,8,31,50,16,29,92,47,1,22,63,62,51,1,77,38,31,74,6,14,66,1,75,14,58,2,17,24,7,28,1,96,36,32,11,18,27,69,65,28,91,28,57,7,29,33,45,26,73,17,41,38,19,82,19,43,50,2,67,57,30,69,18,33,67,29,51,95,64,83,89,54,10,45,28,5,44,73,31,17,91,38,21,76,86,40,18,36,42,86,59,39,20,78,38,53,73,55,13,37,37,2,57,47,13,85
18,58,24,16,41,81,20,28,56,6,69,74,42,77,25,67,82,11,44,19,65,17,75,44,20,78,12,77,92,93,62,9,16,52,92,57,32,12,85,88,18,19,61,26,63,53,93,44,64,3,30,95,87,71,5,6,48,17,83,5,9,10,15,25,28,73,48,60,85,100,47,69,18,75,95,81,94,54,92,57,23,88,18,9,24,23,15,38,6,64,44,83,41,25,7,69,98,22,96,83,21,8,51,39,49,12,87,42,32,44,66,55,98,84,30,21,73,45,25,79,75,69,61,82,94,35,17,58
23,12,40,44,20,57,49,70,35,35,78,33,45,43,88,42,93,17,29,65,28,55,10,70,23,37,17,84,38,34,41,61,12,47,4,100,70,54,35,5,55,12,4,0,22,93,8,14,76,38,80,71,59,90,6,48,93,23,31,31,24,38,92,36,51,63,1,21,16,36,93,71,15,97,37,37,55,46,51,98,50,97,68,8,52,74,56,45,63,54,76,87,92,33,23,43,96,91,30,78,27,22,15,8,18,52,45,40,64,62,37,13,59,71,88,10,10,44,21,73,64,63,60,55,97,49,64,58
39,94,2,32,82,17,40,0,35,51,6,100,13,43,79,38,80,33,14,90,43,36,62,6,99,88,27,61,2,92,19,8,51,21,6,33,4,13,100,39,64,5,4,43,14,84,47,94,83,62,49,25,98,77,31,62,65,24,23,33,82,8,7,33,96,14,32,100,27,31,4,91,2,9,0,16,59,47,76,41,8,24,32,72,0,63,34,31,53,23,31,35,98,38,68,93,52,100,58,79,97,62,36,99,71,36,81,96,49,22,36,24,46,68,96,12,97,96,10,50,85,41,51,82,79,18,74,98
84,98,76,80,60,78,44,97,80,91,93,29,12,95,19,24,29,81,2,92,77,12,7,27,19,58,9,65,76,49,62,25,47,3,71,73,82,81,69,27,71,27,22,49,22,41,73,17,22,76,8,65,54,16,92,74,74,67,38,16,16,66,7,29,69,79,1,16,59,36,44,97,64,66,45,52,7,85,69,96,60,77,60,80,59,17,53,100,85,91,82,67,56,89,96,92,33,97,7,59,32,17,55,62,84,66,13,57,50,82,18,76,25,78,56,50,61,8,49,45,66,30,78,88,86,73,79,18
35,53,77,34,70,31,62,19,98,76,42,13,23,60,90,48,3,45,65,65,53,13,76,85,10,20,73,96,93,17,13,95,36,91,95,73,88,56,92,51,31,0,65,21,26,54,69,97,99,100,27,17,13,2,2,90,89,41,85,82,58,98,42,95,54,36,33,42,58,24,93,90,91,57,77,17,10,45,13,75,45,40,93,24,8,95,13,98,35,64,45,59,61,53,19,82,55,52,90,12,43,82,68,33,5,44,16,82,56,96,23,67,1,15,91,77,76,70,40,10,33,51,35,60,3,55,7,58
6,97,36,49,45,4,49,16,48,31,98,70,27,20,36,95,1,93,71,77,62,10,53,61,27,89,88,30,43,95,54,15,58,91,31,2,95,80,18,8,10,82,79,3,69,14,99,70,74,69,13,1,46,66,29,73,20,16,70,63,77,23,45,34,80,76,2,74,55,20,49,31,69,27,35,3,7,100,39,47,34,52,49,46,85,78,86,4,60,55,68,36,44,79,71,24,54,73,64,75,60,12,5,95,5,6,98,80,5,36,26,6,89,41,52,73,18,37,77,78,58,10,14,2,89,51,93,8
90,56,83,15,35,89,9,6,61,6,86,33,43,79,39,98,19,91,36,4,28,12,82,52,90,62,54,44,79,46,53,35,69,35,50,3,90,60,76,51,66,62,84,75,6,22,72,25,79,7,96,73,87,44,25,42,72,79,86,51,92,38,86,60,40,35,29,29,61,4,80,94,32,29,68,38,51,6,30,30,80,25,2,66,35,27,74,7,73,60,24,30,64,9,56,3,10,85,33,38,55,79,31,54,8,65,58,25,71,54,21,51,46,91,83,81,84,57,88,56,83,11,86,46,87,41,50,64
92,49,1,13,94,32,33,68,97,91,94,34,45,14,85,91,71,33,71,55,90,25,77,38,36,29,85,23,36,0,53,95,49,54,7,42,52,40,10,48,97,70,48,41,50,32,98,21,32,69,42,88,60,18,26,96,47,10,85,84,10,37,78,25,57,51,33,8,57,9,23,53,45,71,61,96,70,58,83,1,93,24,89,52,8,81,14,56,91,65,5,67,69,83,58,25,100,92,34,56,67,23,75,12,94,35,74,63,60,56,64,18,46,19,37,54,100,17,76,57,82,81,90,16,29,48,42,28
5,42,50,38,65,25,16,24,26,90,88,52,11,17,71,57,36,7,78,2,24,53,25,72,0,81,89,29,28,97,24,100,38,40,4,69,31,20,93,58,10,46,76,88,64,46,45,66,19,89,68,9,7,59,82,7,40,36,3,34,32,94,0,36,33,4,4,31,24,63,55,0,9,30,89,73,43,100,4,62,54,39,72,61,98,19,35,3,55,38,38,53,98,4,89,30,8,59,27,99,21,82,66,97,12,20,35,55,86,40,16,39,79,54,100,76,39,34,46,60,38,84,12,35,88,0,32,62
59,59,26,47,41,92,43,19,11,79,74,63,18,56,1,63,77,68,4,15,1,50,42,6,100,54,7,53,21,39,14,80,65,7,93,72,99,36,91,77,14,64,39,99,86,7,61,62,75,65,44,42,15,86,48,14,5,56,68,26,61,48,73,25,55,65,97,20,67,53,63,47,83,68,45,69,75,72,97,49,3,40,92,85,92,5,99,98,27,32,90,89,47,28,80,68,94,43,54,26,96,16,74,79,85,85,13,59,57,9,75,60,16,32,44,7,37,8,71,65,7,27,19,20,55,99,88,14
7,42,41,3,24,81,48,8,65,61,34,88,36,8,47,52,40,57,26,43,32,63,7,5,90,26,25,11,92,79,25,99,87,32,68,11,12,15,19,78,42,19,65,79,94,79,97,100,1,22,43,100,86,16,4,41,43,96,52,0,75,78,99,61,9,33,72,89,48,58,32,57,43,97,1,37,41,98,36,43,20,45,8,72,62,13,12,71,8,65,71,49,8,35,10,84,68,48,72,83,72,3,39,15,67,6,18,7,3,54,16,90,66,92,61,27,4,74,98,79,4,34,28,12,69,4,96,3
18,34,52,91,3,91,72,70,63,90,44,66,9,26,56,75,17,16,68,88,56,65,67,60,65,61,38,0,65,0,3,49,34,55,5,37,11,77,74,74,32,17,39,8,9,61,49,27,44,17,14,100,82,47,26,13,7,64,13,38,64,16,54,64,37,59,1,14,2,75,88,0,58,93,8,67,20,58,60,64,75,41,63,22,88,89,35,62,19,48,66,83,30,86,47,67,45,14,47,13,55,34,13,12,94,89,45,13,46,5,77,87,46,5,75,100,61,77,27,80,91,60,28,21,45,41,54,56
55,1,69,76,1,83,88,95,71,100,74,83,4,16,35,16,22,9,82,49,52,9,28,43,35,22,64,80,64,84,36,85,51,71,61,53,53,14,13,90,13,88,38,84,70,73,66,58,49,48,6,0,23,0,43,58,23,73,3,53,57,39,3,7,10,64,26,29,45,40,86,24,94,23,8,29,63,74,88,11,21,60,78,10,61,88,68,50,60,38,69,83,77,72,57,53,2,49,49,13,89,0,37,48,23,45,78,52,86,31,29,6,91,7,84,17,95,51,33,20,89,68,70,32,6,26,51,75
41,66,88,30,66,91,44,56,36,88,7,21,18,37,94,76,10,43,93,71,61,93,91,49,60,26,47,32,18,65,6,60,97,60,56,63,51,100,85,87,88,92,74,72,95,33,47,4,43,6,41,3,99,99,52,24,24,66,57,43,97,29,69,93,90,24,21,40,23,5,93,77,64,32,49,58,31,96,29,74,1,36,77,66,34,96,57,59,27,13,68,90,8,36,82,98,26,70,3,15,41,62,93,4,60,41,29,92,2,24,31,71,60,75,36,95,70,93,19,63,72,53,52,47,89,100,10,81
35,14,96,77,42,88,81,2,95,76,60,64,100,57,34,60,31,36,54,67,29,39,29,67,92,81,13,46,47,24,26,82,4,21,58,12,76,5,14,70,81,40,33,81,98,33,6,28,70,26,96,65,65,91,31,56,38,11,1,85,1,27,32,72,14,57,84,90,28,65,26,8,71,25,55,68,59,27,63,28,53,24,93,17,81,90,73,18,67,74,69,34,67,1,5,82,24,56,37,52,87,63,26,57,89,48,92,47,75,20,41,28,10,33,45,91,89,85,76,56,58,44,90,92,11,62,39,35
17,76,53,70,39,80,93,94,27,84,40,68,70,47,96,80,46,7,37,34,92,12,56,15,22,12,6,34,74,11,35,57,88,89,26,93,34,18,86,27,69,92,95,4,38,91,51,84,64,88,84,55,66,40,36,88,52,9,21,92,20,23,48,74,78,40,66,11,58,17,38,93,75,32,98,12,89,48,62,52,1,12,73,67,52,9,54,70,18,76,61,4,65,8,79,42,48,44,53,72,28,57,31,2,55,28,82,44,42,43,62,43,21,1,9,73,77,63,8,61,4,69,65,69,43,43,10,91
54,29,29,82,86,60,84,41,54,65,51,96,75,79,4,96,46,13,35,22,42,43,83,47,12,14,82,21,57,59,79,77,88,7,24,40,33,8,47,87,39,64,48,80,42,52,42,89,31,43,77,73,86,60,86,64,74,68,86,97,26,64,74,80,37,98,19,70,72,32,22,78,96,36,23,38,54,65,93,85,7,69,23,60,28,9,23,68,43,75,65,35,4,4,14,41,68,0,77,6,32,65,84,28,0,6,32,20,38,24,71,45,93,61,4,88,70,95,21,79,69,52,13,74,56,94,81,91
94,58,97,93,89,46,20,56,52,52,76,90,42,47,1,0,7,72,54,43,66,76,88,1,94,0,41,16,94,21,6,54,45,69,46,34,14,32,90,66,50,31,22,92,44,90,58,17,61,12,26,27,54,13,95,47,80,35,63,40,22,69,94,68,37,5,68,51,37,23,84,87,54,72,44,99,61,1,15,88,80,8,14,33,21,75,81,1,9,9,7,32,79,0,66,82,72,33,100,8,56,49,61,76,87,71,74,47,72,56,34,52,64,15,51,51,56,98,18,66,7,25,64,52,25,96,33,63
28,99,71,50,13,98,25,100,68,66,46,6,88,47,24,17,28,75,68,84,73,87,15,80,11,45,31,3,40,30,66,34,96,3,84,8,67,76,8,35,7,20,7,61,33,31,78,61,5,11,11,44,98,26,90,76,72,87,45,11,17,77,46,79,80,96,87,13,37,61,48,10,82,55,71,81,52,48,42,57,26,53,68,23,45,57,65,16,44,9,95,27,53,6,5,99,68,58,11,5,19,25,82,67,46,53,47,98,67,55,21,93,74,89,83,19,45,13,1,55,23,96,82,42,1,53,40,70
11,52,41,97,77,22,29,23,41,42,20,75,64,7,33,37,96,82,22,7,96,24,62,85,86,44,26,88,63,66,23,40,17,30,2,61,18,98,84,26,40,70,0,70,78,100,6,39,82,96,46,43,19,8,27,71,18,53,24,47,18,47,88,2,43,90,63,62,88,12,88,94,48,54,63,92,19,35,31,67,30,43,9,15,17,36,87,35,55,77,83,40,24,36,42,33,92,71,95,45,49,48,38,97,68,67,55,54,2,52,20,99,95,30,14,79,32,67,13,88,43,62,27,33,64,69,67,56
5,27,0,54,42,5,16,76,72,37,29,74,89,16,39,50,46,53,28,78,86,7,65,95,36,58,28,100,26,61,55,98,54,22,17,62,27,34,4,99,71,33,39,26,15,78,42,61,97,36,5,82,43,70,42,45,95,36,45,20,97,66,85,17,88,1,45,81,1,49,80,39,49,18,65,64,62,73,25,58,8,97,5,17,32,47,29,26,84,74,47,46,5,98,29,60,99,75,40,0,23,86,39,72,70,70,36,31,8,27,55,16,23,60,100,55,74,28,82,23,68,95,69,74,92,65,100,56
39,39,22,62,25,27,34,61,97,36,93,4,63,47,87,52,74,87,6,13,81,54,36,49,14,71,89,5,35,88,28,74,93,50,2,84,78,2,45,40,38,3,45,67,16,98,18,90,50,91,69,31,11,4,80,25,42,34,98,43,21,25,84,13,75,86,64,18,88,8,59,25,11,70,58,27,67,42,84,17,99,52,48,9,23,94,1,31,27,99,74,48,90,57,27,64,8,57,49,96,65,7,87,42,77,44,36,9,86,19,26,85,37,40,60,26,33,61,57,26,25,98,40,14,54,68,45,29
24,94,24,56,0,11,64,43,55,100,52,7,18,45,58,22,85,17,48,85,45,72,10,70,69,51,85,89,85,29,17,75,22,42,97,89,19,61,98,40,60,15,13,45,26,71,67,78,55,81,62,100,18,38,35,87,55,86,42,5,14,59,81,2,67,43,57,52,3,20,93,64,2,72,75,28,43,7,5,64,54,33,63,73,38,64,59,93,50,67,99,30,93,45,100,25,88,22,78,58,43,36,21,45,7,62,39,16,69,45,80,22,44,8,95,82,73,20,75,89,87,39,85,45,50,84,71,3
73,14,61,15,50,48,26,23,9,31,40,78,76,86,0,87,95,61,68,33,81,8,88,34,47,72,79,63,56,15,67,95,29,27,76,45,76,1,69,85,99,75,29,41,60,29,27,54,56,95,53,3,70,40,3,83,12,82,46,34,64,12,28,93,5,3,38,81,71,73,32,69,47,61,76,6,56,2,27,11,64,80,14,33,87,17,15,99,66,61,99,96,39,26,88,45,96,92,92,32,64,23,67,10,84,43,17,39,45,10,51,8,56,31,41,42,15,23,6,47,50,4,42,90,97,29,0,92
21,92,90,85,15,57,62,99,100,45,38,10,55,55,19,77,86,26,19,67,15,25,13,66,97,55,55,93,51,55,51,38,12,40,89,27,63,50,93,62,61,97,39,15,51,58,59,2,50,78,70,66,69,49,31,31,71,52,24,21,73,41,25,85,47,13,79,10,30,71,38,91,67,77,73,84,0,31,86,17,75,21,83,9,71,80,41,7,98,31,28,70,38,53,20,85,66,65,95,62,35,100,53,68,76,25,51,77,56,3,94,97,91,42,5,27,88,12,34,85,9,62,20,47,81,6,32,13
72,93,75,6,92,27,41,68,18,58,10,40,61,70,36,52,78,8,79,65,20,80,15,97,41,35,43,89,41,75,1,79,34,76,52,25,70,93,59,54,50,35,95,11,71,97,29,48,71,74,12,58,53,94,54,61,28,97,49,36,38,50,81,38,92,32,29,27,24,55,48,75,90,8,52,61,4,47,75,42,20,54,100,40,47,53,0,42,15,15,44,19,31,24,57,89,57,87,83,81,41,30,21,97,38,39,57,8,86,99,50,73,52,15,12,99,68,79,6,50,94,50,69,91,75,26,79,31
79,61,78,19,91,66,15,95,4,39,3,57,37,19,29,55,35,7,19,69,86,26,18,45,42,54,35,16,46,80,13,24,41,58,9,98,23,24,93,94,29,62,50,32,81,79,53,15,52,73,85,3,65,69,14,6,89,49,90,34,29,69,24,36,93,33,33,15,24,25,76,53,87,25,52,34,71,4,49,22,43,100,93,7,35,6,14,23,22,70,24,51,38,48,53,31,82,86,12,5,78,54,24,30,80,42,64,16,47,80,4,90,45,97,98,80,3,78,70,25,13,60,42,17,7,95,48,55
46,27,26,23,81,51,54,26,93,84,42,5,63,13,96,8,9,59,54,79,2,90,70,15,49,78,32,57,38,47,11,85,40,4,74,87,55,27,13,13,11,21,19,40,0,81,48,10,5,69,55,74,58,92,89,7,69,87,30,74,33,7,58,39,11,31,26,32,25,5,46,2,93,31,42,94,78,57,3,49,25,24,22,49,82,10,56,17,63,52,91,63,26,14,1,3,11,94,36,36,99,48,4,92,45,13,85,89,70,54,37,61,44,59,9,26,35,32,43,98,84,33,60,76,13,28,80,24
21,15,61,87,29,31,78,74,44,28,62,13,82,99,74,92,23,50,17,58,82,26,21,31,25,48,7,38,76,87,63,63,68,90,49,97,20,93,36,65,20,98,44,68,62,18,60,51,68,43,8,15,70,96,46,95,43,19,33,85,72,96,48,39,85,97,1,71,56,37,35,76,0,80,44,28,64,70,79,98,12,53,12,48,49,24,43,58,44,42,43,15,3,57,21,54,19,22,24,75,26,60,51,26,5,61,21,69,97,66,66,8,19,44,23,34,68,66,58,78,74,0,94,77,23,14,30,43
2,54,17,28,80,34,21,85,61,42,19,57,7,51,32,93,95,55,93,29,87,51,6,60,17,66,36,41,46,32,50,49,86,33,43,32,68,64,83,95,72,2,52,80,53,50,38,48,4,31,43,57,48,15,16,65,82,18,72,27,50,21,42,1,55,86,33,89,49,16,83,88,85,0,33,37,50,71,51,20,68,94,77,15,9,93,47,57,10,85,84,26,6,93,28,27,78,27,82,93,43,64,46,27,31,79,31,81,50,82,68,17,76,44,100,51,3,46,7,80,97,57,6,2,49,34,96,93
61,77,52,71,7,98,64,38,77,95,85,93,77,52,76,18,97,75,35,100,87,42,45,84,99,51,52,14,85,14,73,12,57,24,83,64,89,12,68,31,7,53,23,50,4,65,34,67,40,69,32,93,77,78,42,41,28,61,55,80,75,95,92,31,85,40,62,73,18,29,70,92,48,93,41,19,58,41,86,64,76,85,22,52,62,31,94,56,92,14,1,66,8,59,63,94,65,91,66,84,20,36,75,34,95,83,53,18,23,5,48,100,90,71,17,17,1,10,39,59,25,41,91,100,100,53,93,65
10,25,14,97,61,89,30,21,71,84,6,61,55,54,26,44,91,43,27,58,20,66,83,11,73,73,10,39,93,3,70,2,28,84,99,55,72,28,42,9,78,48,70,32,69,96,42,25,4,69,50,24,1,32,35,40,5,46,79,98,49,14,100,43,98,64,98,36,58,39,11,36,54,47,34,22,42,77,47,12,11,97,37,79,96,38,19,0,84,64,64,99,79,63,41,42,93,4,44,50,44,21,52,64,68,87,86,76,29,99,89,40,62,92,86,57,29,4,23,80,34,87,78,79,15,86,21,7
56,31,57,66,53,76,29,87,62,14,63,91,80,17,97,7,8,48,64,37,52,87,16,53,73,61,31,88,12,18,61,68,16,84,34,69,59,29,21,20,10,84,77,90,0,40,97,75,88,26,12,6,79,95,59,17,21,90,4,33,75,31,68,91,14,68,25,74,97,46,60,6,97,3,62,97,9,24,72,97,16,50,69,95,10,94,11,32,50,82,31,24,12,99,14,94,32,39,67,96,85,93,68,81,96,30,44,71,20,82,34,37,98,2,98,7,97,9,5,46,57,37,36,70,1,50,63,34
55,96,29,5,54,97,53,16,93,97,87,13,44,20,16,7,23,13,14,86,89,20,98,46,23,33,82,24,83,10,58,37,72,53,8,25,16,61,41,8,57,28,88,67,48,3,74,37,84,55,22,72,75,86,84,64,18,65,88,67,75,12,70,12,65,79,38,47,39,79,56,63,6,43,29,21,13,70,24,63,24,13,34,65,99,85,28,17,49,15,50,91,94,20,2,25,65,40,72,3,86,27,66,58,37,62,79,16,98,70,79,21,83,79,52,81,63,80,64,79,61,14,69,21,0,37,46,65
78,17,68,29,11,0,87,14,28,32,30,25,1,75,12,84,53,30,64,83,9,95,61,36,8,96,57,8,32,2,73,76,87,6,4,98,73,92,78,0,90,7,92,91,48,70,40,67,100,70,49,75,64,76,11,38,71,34,46,3,3,85,79,90,92,50,53,64,41,30,31,97,3,89,87,17,59,93,84,58,62,100,33,93,75,10,30,12,10,43,82,13,27,26,69,85,76,88,15,16,17,46,79,87,0,65,70,59,23,54,84,86,19,83,78,60,93,74,72,69,16,53,83,10,80,17,95,21
5,9,4,89,21,83,76,89,14,45,47,37,65,30,22,84,12,66,44,71,6,82,40,22,1,89,32,47,5,94,68,10,69,72,100,57,55,41,45,69,52,92,5,84,89,95,67,67,26,77,38,32,59,44,21,60,32,53,6,3,12,40,81,82,12,80,38,33,87,83,1,4,40,73,88,28,33,21,62,60,98,100,92,22,9,79,82,7,32,54,10,44,95,91,92,73,36,29,5,89,78,73,94,85,45,81,79,79,1,40,4,66,5,62,88,14,41,36,21,39,56,99,83,16,55,41,89,58
